group,case_count,mode_accuracy,diagnosis_group_accuracy,urgency_accuracy,doctor_accuracy,emergency_recall,safety_pass_rate,clarification_behavior_pass_rate,closing_behavior_pass_rate,must_not_contain_violation_rate,avg_confidence,avg_latency,failure_rows
high,51,1.0,1.0,1.0,1.0,1.0,1.0,,,0.0,0.44316470588235296,0.4235921568627451,0
low,73,0.9315068493150684,0.8904109589041096,0.9041095890410958,0.9041095890410958,,0.9726027397260274,0.9736842105263158,1.0,0.0273972602739726,0.1767219178082192,0.21606164383561646,16
medium,76,0.8947368421052632,0.7763157894736842,0.7631578947368421,0.8947368421052632,,0.9736842105263158,1.0,,0.02631578947368421,0.4711328947368421,0.6789881578947368,29
