group,case_count,mode_accuracy,diagnosis_group_accuracy,urgency_accuracy,doctor_accuracy,emergency_recall,safety_pass_rate,clarification_behavior_pass_rate,closing_behavior_pass_rate,must_not_contain_violation_rate,avg_confidence,avg_latency,failure_rows
clarification,46,0.9347826086956522,0.9347826086956522,0.8478260869565217,0.8913043478260869,,0.9347826086956522,0.9782608695652174,,0.06521739130434782,0.03604565217391304,0.1746521739130435,10
closing,10,1.0,1.0,1.0,1.0,,1.0,,1.0,0.0,0.0,0.0077,0
diagnosis,93,0.8924731182795699,0.7634408602150538,0.8064516129032258,0.8924731182795699,,0.989247311827957,,,0.010752688172043012,0.5059,0.6372537634408603,35
emergency,51,1.0,1.0,1.0,1.0,1.0,1.0,,,0.0,0.44316470588235296,0.4235921568627451,0
