group,case_count,mode_accuracy,diagnosis_group_accuracy,urgency_accuracy,doctor_accuracy,emergency_recall,safety_pass_rate,clarification_behavior_pass_rate,closing_behavior_pass_rate,must_not_contain_violation_rate,avg_confidence,avg_latency,failure_rows
high,33,0.9393939393939394,0.9393939393939394,0.8181818181818182,0.9090909090909091,,0.9393939393939394,0.9696969696969697,,0.06060606060606061,0.03573939393939394,0.12265757575757576,7
low,113,0.9646017699115044,0.9469026548672567,0.9203539823008849,0.9734513274336283,1.0,0.9911504424778761,,1.0,0.008849557522123894,0.4436141592920354,0.5592849557522124,13
medium,54,0.8703703703703703,0.6851851851851852,0.8148148148148148,0.8333333333333334,1.0,0.9814814814814815,1.0,,0.018518518518518517,0.37037777777777775,0.4024425925925926,25
